path,op,size,concurrency,runs,mib_s,obj_s,avg_ms,p50_ms,p90_ms,p99_ms,spread
direct,get,1KiB,1,3,0.04,41.97,23.8,23.6,26.8,36.2,0.0
proxy,get,1KiB,1,3,0.04,40.99,24.4,24.2,26.7,39.7,0.0
direct,get,1KiB,16,3,0.66,677.13,23.7,23.5,26.4,35.0,0.0
proxy,get,1KiB,16,3,0.65,664.67,24.1,23.9,26.8,34.9,0.0
direct,get,1KiB,64,3,2.64,2700.19,23.7,23.5,26.4,33.0,0.0
proxy,get,1KiB,64,3,2.61,2671.72,24.1,23.8,26.7,34.4,0.0038314176245209915
direct,put,1KiB,1,3,0.04,42.04,23.6,23.1,26.2,44.3,0.0
proxy,put,1KiB,1,3,0.04,38.56,25.8,25.0,28.9,51.7,0.0
direct,put,1KiB,16,3,0.65,661.61,24.2,23.4,27.2,44.1,0.015384615384615398
proxy,put,1KiB,16,3,0.62,637.08,25.2,24.6,28.3,44.2,0.01612903225806453
direct,put,1KiB,64,3,2.45,2510.73,25.3,24.3,29.2,51.1,0.028571428571428685
proxy,put,1KiB,64,3,2.37,2431.72,27.8,26.4,33.4,55.7,0.029535864978902884
direct,get,10MiB,1,3,91.15,9.12,108.8,106.7,114.4,177.2,0.023368074602304
proxy,get,10MiB,1,3,90.73,9.07,109.7,107.3,114.4,151.3,0.01576104926705602
direct,get,10MiB,16,3,1488.38,148.84,107.5,107.3,108.3,115.4,0.0030368588666872583
proxy,get,10MiB,16,3,1484.24,148.42,107.7,107.4,108.4,121.4,0.10506387107206386
direct,get,10MiB,64,3,1767.12,176.71,388.4,305.1,573.8,2303.9,0.0016241115487346026
proxy,get,10MiB,64,3,1765.41,176.54,368.6,333.4,515.3,1960.3,0.002277091440515224
direct,put,10MiB,1,3,77.6,7.76,129.2,128.8,133.4,151.8,0.017396907216494957
proxy,put,10MiB,1,3,88.11,8.81,113.6,112.5,116.7,136.3,0.0365452275564635
direct,put,10MiB,16,3,1265.18,126.52,127.5,124.7,134.8,190.9,0.011895540555494043
proxy,put,10MiB,16,3,1412.91,141.29,113.0,111.6,119.8,141.0,0.003878520217140524
direct,put,10MiB,64,3,1771.26,177.13,360.1,360.8,483.3,555.7,0.027573591680498583
proxy,put,10MiB,64,3,1767.43,176.74,364.3,341.3,506.8,1255.4,0.0008600057710913483
direct,get,1GiB,1,3,95.35,0.09,10739.3,10739.3,10739.3,10739.3,0.00010487676979539493
proxy,get,1GiB,1,3,95.32,0.09,10742.7,10742.7,10742.7,10742.7,0.0
direct,get,1GiB,16,3,1524.21,1.49,10749.5,10744.3,10778.0,10784.6,0.0002952349085756198
proxy,get,1GiB,16,3,1523.73,1.49,10753.2,10749.3,10766.8,10784.0,0.01294848824923052
direct,get,1GiB,64,3,1715.02,1.67,29220.7,28665.7,36241.3,36794.7,0.03592377931452702
proxy,get,1GiB,64,3,1730.01,1.69,33442.9,34767.6,37806.2,38569.7,0.04875694360148202
direct,put,1GiB,1,3,327.85,0.32,3128.2,3134.6,3166.8,3166.8,0.006679884093335359
proxy,put,1GiB,1,3,343.9,0.34,2973.8,2984.2,2987.7,2987.7,0.038383250945042136
direct,put,1GiB,16,3,1760.97,1.72,8783.8,8625.7,11481.6,13643.4,0.009352799877340345
proxy,put,1GiB,16,3,1777.66,1.74,9051.7,9321.6,11706.4,12979.7,0.009236861942103576
direct,put,1GiB,64,3,1783.49,1.74,34173.0,38182.2,40959.1,41141.5,0.01916467151483879
proxy,put,1GiB,64,3,1761.91,1.72,33616.1,35388.0,37613.2,38135.4,0.02668694768745281
