path,op,size,concurrency,repeat,mib_s,obj_s,avg_ms,p50_ms,p90_ms,p99_ms
direct,get,1KiB,1,1,0.04,41.97,23.8,23.6,26.8,36.2
direct,get,1KiB,1,2,0.04,41.6,24.1,23.7,26.8,41.5
direct,get,1KiB,1,3,0.04,42.13,23.3,23.2,26.1,35.5
proxy,get,1KiB,1,1,0.04,40.99,24.4,24.2,26.7,39.7
proxy,get,1KiB,1,2,0.04,41.21,24.1,23.9,26.7,37.6
proxy,get,1KiB,1,3,0.04,41.5,24.0,23.7,26.8,36.6
direct,get,1KiB,16,1,0.66,677.13,23.7,23.5,26.4,35.0
direct,get,1KiB,16,2,0.66,677.57,23.6,23.4,26.4,30.8
direct,get,1KiB,16,3,0.66,673.99,23.7,23.5,26.4,31.7
proxy,get,1KiB,16,1,0.65,664.67,24.1,23.9,26.8,34.9
proxy,get,1KiB,16,2,0.65,667.4,24.0,23.8,26.8,31.4
proxy,get,1KiB,16,3,0.65,670.4,24.0,23.7,26.6,32.8
direct,get,1KiB,64,1,2.64,2700.19,23.7,23.5,26.4,33.0
direct,get,1KiB,64,2,2.64,2704.78,23.6,23.4,26.4,31.4
direct,get,1KiB,64,3,2.64,2706.47,23.7,23.6,26.4,31.2
proxy,get,1KiB,64,1,2.6,2663.18,24.1,23.9,26.8,33.4
proxy,get,1KiB,64,2,2.61,2671.72,24.1,23.8,26.7,34.4
proxy,get,1KiB,64,3,2.61,2668.06,24.0,23.8,26.8,31.8
direct,put,1KiB,1,1,0.04,42.04,23.6,23.1,26.2,44.3
direct,put,1KiB,1,2,0.04,41.53,25.5,23.2,33.8,63.4
direct,put,1KiB,1,3,0.04,41.42,24.7,23.9,27.6,45.4
proxy,put,1KiB,1,1,0.04,38.56,25.8,25.0,28.9,51.7
proxy,put,1KiB,1,2,0.04,40.5,25.0,24.2,29.6,48.1
proxy,put,1KiB,1,3,0.04,40.83,25.1,24.5,27.8,48.1
direct,put,1KiB,16,1,0.64,658.93,24.1,23.4,28.0,42.8
direct,put,1KiB,16,2,0.65,661.61,24.2,23.4,27.2,44.1
direct,put,1KiB,16,3,0.65,666.69,23.8,23.2,26.7,42.7
proxy,put,1KiB,16,1,0.62,637.08,25.2,24.6,28.3,44.2
proxy,put,1KiB,16,2,0.62,636.21,25.4,24.7,28.9,44.2
proxy,put,1KiB,16,3,0.61,627.86,25.5,24.7,28.6,45.3
direct,put,1KiB,64,1,2.47,2527.36,25.1,24.2,28.5,48.0
direct,put,1KiB,64,2,2.45,2510.73,25.3,24.3,29.2,51.1
direct,put,1KiB,64,3,2.4,2462.71,25.9,24.5,30.8,54.7
proxy,put,1KiB,64,1,2.38,2436.89,26.6,25.5,31.0,50.5
proxy,put,1KiB,64,2,2.37,2431.72,27.8,26.4,33.4,55.7
proxy,put,1KiB,64,3,2.31,2362.81,28.9,26.2,38.4,62.6
direct,get,10MiB,1,1,91.15,9.12,108.8,106.7,114.4,177.2
direct,get,10MiB,1,2,92.98,9.3,108.0,106.4,112.1,141.1
direct,get,10MiB,1,3,90.85,9.08,111.7,114.0,120.8,163.6
proxy,get,10MiB,1,1,90.73,9.07,109.7,107.3,114.4,151.3
proxy,get,10MiB,1,2,90.29,9.03,111.3,107.6,124.4,181.5
proxy,get,10MiB,1,3,91.72,9.17,109.2,107.0,114.2,168.0
direct,get,10MiB,16,1,1488.38,148.84,107.5,107.3,108.3,115.4
direct,get,10MiB,16,2,1485.39,148.54,107.6,107.1,108.0,123.3
direct,get,10MiB,16,3,1489.91,148.99,107.3,107.0,107.9,119.7
proxy,get,10MiB,16,1,1484.24,148.42,107.7,107.4,108.4,121.4
proxy,get,10MiB,16,2,1487.06,148.71,107.6,107.2,108.4,120.0
proxy,get,10MiB,16,3,1331.12,133.11,222.5,107.3,108.4,1912.7
direct,get,10MiB,64,1,1767.12,176.71,388.4,305.1,573.8,2303.9
direct,get,10MiB,64,2,1767.79,176.78,365.0,325.8,558.9,1510.8
direct,get,10MiB,64,3,1764.92,176.49,384.9,271.2,635.8,2296.5
proxy,get,10MiB,64,1,1765.41,176.54,368.6,333.4,515.3,1960.3
proxy,get,10MiB,64,2,1768.07,176.81,366.6,333.1,533.9,1855.7
proxy,get,10MiB,64,3,1764.05,176.4,369.3,333.8,568.3,1694.7
direct,put,10MiB,1,1,77.27,7.73,130.4,129.0,138.3,171.8
direct,put,10MiB,1,2,78.62,7.86,125.9,124.4,130.5,174.5
direct,put,10MiB,1,3,77.6,7.76,129.2,128.8,133.4,151.8
proxy,put,10MiB,1,1,88.13,8.81,113.7,111.2,122.4,147.5
proxy,put,10MiB,1,2,88.11,8.81,113.6,112.5,116.7,136.3
proxy,put,10MiB,1,3,84.91,8.49,117.2,111.8,118.5,457.5
direct,put,10MiB,16,1,1255.81,125.58,127.3,125.0,135.6,164.4
direct,put,10MiB,16,2,1270.86,127.09,126.0,124.1,133.9,157.4
direct,put,10MiB,16,3,1265.18,126.52,127.5,124.7,134.8,190.9
proxy,put,10MiB,16,1,1412.91,141.29,113.0,111.6,119.8,141.0
proxy,put,10MiB,16,2,1411.57,141.16,113.3,111.7,118.2,150.6
proxy,put,10MiB,16,3,1417.05,141.7,112.7,111.5,117.0,142.6
direct,put,10MiB,64,1,1771.51,177.15,361.4,339.7,516.8,709.1
direct,put,10MiB,64,2,1722.67,172.27,370.7,353.1,548.8,733.5
direct,put,10MiB,64,3,1771.26,177.13,360.1,360.8,483.3,555.7
proxy,put,10MiB,64,1,1767.43,176.74,364.3,341.3,506.8,1255.4
proxy,put,10MiB,64,2,1768.27,176.83,373.1,337.7,579.0,1508.0
proxy,put,10MiB,64,3,1766.75,176.68,370.3,350.8,588.3,1654.5
direct,get,1GiB,1,1,95.34,0.09,10740.4,10740.4,10740.4,10740.4
direct,get,1GiB,1,2,95.35,0.09,10739.3,10739.3,10739.3,10739.3
direct,get,1GiB,1,3,95.35,0.09,10739.4,10739.4,10739.4,10739.4
proxy,get,1GiB,1,1,95.32,0.09,10742.7,10742.7,10742.7,10742.7
proxy,get,1GiB,1,2,95.32,0.09,10743.2,10743.2,10743.2,10743.2
proxy,get,1GiB,1,3,95.32,0.09,10742.2,10742.2,10742.2,10742.2
direct,get,1GiB,16,1,1524.21,1.49,10749.5,10744.3,10778.0,10784.6
direct,get,1GiB,16,2,1524.65,1.49,10746.5,10743.5,10760.0,10764.6
direct,get,1GiB,16,3,1524.2,1.49,10749.4,10746.4,10758.7,10810.0
proxy,get,1GiB,16,1,1523.73,1.49,10753.2,10749.3,10766.8,10784.0
proxy,get,1GiB,16,2,1504.23,1.47,10827.6,10762.8,10981.3,11472.7
proxy,get,1GiB,16,3,1523.96,1.49,10751.1,10745.9,10772.1,10782.3
direct,get,1GiB,64,1,1658.1,1.62,30956.4,33777.0,34500.0,34850.3
direct,get,1GiB,64,2,1719.71,1.68,27009.4,30209.1,34406.0,35655.1
direct,get,1GiB,64,3,1715.02,1.67,29220.7,28665.7,36241.3,36794.7
proxy,get,1GiB,64,1,1655.73,1.62,26436.8,27401.7,33776.8,34839.7
proxy,get,1GiB,64,2,1730.01,1.69,33442.9,34767.6,37806.2,38569.7
proxy,get,1GiB,64,3,1740.08,1.7,30410.3,32445.1,34261.5,34700.8
direct,put,1GiB,1,1,326.1,0.32,3141.7,3167.2,3184.7,3184.7
direct,put,1GiB,1,2,328.29,0.32,3124.7,3126.3,3158.6,3158.6
direct,put,1GiB,1,3,327.85,0.32,3128.2,3134.6,3166.8,3166.8
proxy,put,1GiB,1,1,331.31,0.32,3088.9,3312.0,3313.3,3313.3
proxy,put,1GiB,1,2,343.9,0.34,2973.8,2984.2,2987.7,2987.7
proxy,put,1GiB,1,3,344.51,0.34,2985.1,3016.9,3021.1,3021.1
direct,put,1GiB,16,1,1760.97,1.72,8783.8,8625.7,11481.6,13643.4
direct,put,1GiB,16,2,1757.24,1.72,9156.7,9410.2,12440.2,15366.1
direct,put,1GiB,16,3,1773.71,1.73,8985.3,9323.9,11466.8,12365.1
proxy,put,1GiB,16,1,1762.4,1.72,8550.6,8430.1,10854.3,12168.1
proxy,put,1GiB,16,2,1777.66,1.74,9051.7,9321.6,11706.4,12979.7
proxy,put,1GiB,16,3,1778.82,1.74,9116.4,9056.1,10679.4,11753.4
direct,put,1GiB,64,1,1783.49,1.74,34173.0,38182.2,40959.1,41141.5
direct,put,1GiB,64,2,1767.94,1.73,32887.0,35137.3,39474.3,40622.0
direct,put,1GiB,64,3,1802.12,1.76,35814.0,36338.5,37261.3,37376.2
proxy,put,1GiB,64,1,1803.54,1.76,35691.7,35825.4,37153.1,37532.4
proxy,put,1GiB,64,2,1761.91,1.72,33616.1,35388.0,37613.2,38135.4
proxy,put,1GiB,64,3,1756.52,1.72,29657.6,32303.0,33745.4,34273.8
